Date,ID,SYMBOL,MIC,FREE_FLOAT_PERCENTAGE,EST_VOL,MDV_63,Open,High,Low,Close,Volume,PxAdjFactor,SharesAdjFactor
20100201,BBG000C04224,CBG,XNYS,98.0815,0.36316,43881660.0,12.49,12.77,12.26,12.77,3653686.0,1.0,1.0
20100201,BBG000D2M0Z7,SBAC,XNGS,98.5974,0.2113699999999999,43828104.0,33.21,34.16,32.8,34.06,1419213.0,1.0,1.0
20100201,BBG000BN1XR3,COL,XNYS,99.6522,0.1285099999999999,43408252.0,53.59,54.15,53.35,54.04,859124.0,1.0422674,1.0
20100201,BBG000BC9938,VMW,XNYS,66.0202,0.26475,65703584.0,44.94,45.75,44.3,45.58,2212184.0,1.0,1.0
20100201,BBG000BBCQD7,SLM,XNYS,99.1117,0.4518899999999999,43843420.0,10.61,10.7,10.51,10.65,3800472.0,1.0,1.0
20100201,BBG000BFZ1K0,CNW,XNYS,98.8465,0.38121,43971264.0,28.65,29.27,28.65,29.04,1020853.0,1.023603,1.0
20100201,BBG000MQ1SN9,DVA,XNYS,99.6499,0.19451,43832748.0,60.08,60.52,59.37,60.43,633768.0,1.0,1.0
20100201,BBG000BR32C6,RMBS,XNGS,79.1426,0.42268,55320830.0,21.94,22.73,21.94,22.72,1906848.0,1.0,1.0
20100201,BBG000BBDZG3,AIG,XNYS,16.7828,0.52046,261137170.0,24.38,24.5,23.44,23.96,4630288.0,0.051010665,20.0
20100201,BBG000BQTMJ9,PBI,XNYS,99.7322,0.21543,44257010.0,20.87,21.22,20.8,21.13,1756979.0,1.1133404,1.0
20100201,BBG000HS74G6,CNI,XNYS,100.0,0.17293,44280850.0,50.05,51.2,50.02,51.09,856025.0,1.0397848,1.0
20100201,BBG000CPHYL4,THC,XNYS,99.5207,0.48268,44526484.0,5.51,5.58,5.3,5.49,12247564.0,1.0,1.0
20100201,GEN_EQ0010003600001000,AYE,XNYS,98.9186,0.1958099999999999,44852372.0,21.13,21.13,20.8,20.95,1858738.0,1.040009,1.0
20100201,BBG000BXBHJ4,TD,XNYS,100.0,0.20172,44465372.0,59.39,59.91,59.03,59.85,904381.0,1.0673989,1.0
20100201,BBG000BGFZR8,CSC,XNYS,99.829,0.16069,44756050.0,51.6,52.61,51.0,52.51,1454163.0,1.0,1.0
20100201,BBG000B9YJ35,APH,XNYS,99.8885,0.17414,45131450.0,40.17,40.71,40.02,40.57,1112434.0,1.0035913,1.0
20100201,BBG000BFNR17,ADS,XNYS,96.8431,0.29089,46719924.0,59.82,61.05,59.48,61.02,626123.0,1.0,1.0
20100201,BBG000BPXVJ6,RSG,XNYS,99.6415,0.14866,45498344.0,26.82,27.08,26.59,27.0,1131362.0,1.0600806,1.0
20100201,BBG000BV4DR6,TER,XNYS,99.5888,0.2218,46124056.0,9.36,9.69,9.34,9.64,7672614.0,1.0,1.0
20100201,BBG000C23PB0,SAI,XNYS,99.1454,0.1621,46541956.0,18.25,18.62,18.11,18.6,3511605.0,1.0,1.0
20100201,BBG000BBBP59,PRE,XNYS,99.3942,0.16502,46762184.0,74.98,74.98,74.0,74.25,399563.0,1.0540484,1.0
20100201,BBG000FVQ185,SPWRA,XNGS,96.4531,0.54456,48475384.0,20.66,21.07,20.52,21.07,1422811.0,1.0,1.0
20100201,GEN_EQ0010580600001000,NVLS,XNGS,99.2738,0.18644,47119084.0,20.98,21.63,20.93,21.59,3044805.0,1.0,1.0
20100201,BBG000BRJL00,PPL,XNYS,99.751,0.1133599999999999,46914810.0,29.61,29.7,29.36,29.62,1553134.0,1.0832356,1.0
20100201,BBG000B9ZV28,AMED,XNGS,98.4889,0.4321399999999999,47691950.0,55.25,58.35,53.58,57.07,1736527.0,1.0,1.0
20100201,BBG000BLW530,EMN,XNYS,93.2369,0.19256,50558560.0,58.1,60.0,58.1,59.97,1233970.0,1.085875,1.0
20100201,BBG000BJNGN9,JBL,XNYS,87.6453,0.31655,53929884.0,14.58,15.46,14.51,15.37,4986923.0,1.0606114,1.0
20100201,BBG000PV2L86,WYN,XNYS,99.5446,0.37268,47578964.0,21.23,21.8,21.1,21.75,1803340.0,1.0403584,1.0
20100201,BBG000BKVJK4,HAS,XNYS,89.8773,0.18282,52996790.0,30.72,31.38,30.55,31.19,2396900.0,1.0626427,1.0
20100201,BBG000C45984,L,XNYS,75.5601,0.18705,63179068.0,35.89,36.47,35.86,36.41,1735212.0,1.0158509,1.0
20100201,BBG000BSC0K9,DLTR,XNGS,96.8889,0.18878,49278364.0,49.9,49.995,49.4,49.97,1136338.0,1.0,1.0
20100201,BBG000BGYWY6,ORLY,XNGS,95.9446,0.19443,49933090.0,38.05,38.31,37.76,38.24,1290953.0,1.0,1.0
20100201,BBG000C2PW58,BLK,XNYS,89.6807,0.2037699999999999,53606004.0,215.25,219.23,215.02,216.57,426343.0,1.0383728,1.0
20100201,BBG000C75N77,CMA,XNYS,98.8765,0.2842,48850190.0,35.32,35.49,34.81,35.45,2674659.0,1.0856818,1.0
20100201,BBG000BKNX95,GT,XNYS,98.5316,0.37829,49158564.0,13.48,13.65,13.3,13.57,2696998.0,1.0,1.0
20100201,BBG000BFJ645,WIN,XNGS,98.7771,0.20397,49063856.0,10.27,10.36,10.21,10.25,4936569.0,1.2171004,1.0
20100201,BBG000FDBX90,CNP,XNYS,99.6051,0.1330599999999999,48671988.0,14.01,14.29,13.9,14.26,4978267.0,1.1189944,1.0
20100201,BBG000BMLWX8,KBH,XNYS,85.1209,0.19243,56978850.0,15.31,15.35,14.89,15.29,2695301.0,1.0586624,1.0
20100201,BBG000BNNKG9,MAS,XNYS,97.7412,0.28029,49825244.0,13.69,14.0,13.56,13.99,3710806.0,1.0955615,1.0
20100201,BBG000BHKYH4,ECL,XNYS,99.6091,0.15059,48966040.0,44.07,44.39,43.84,44.37,1284971.0,1.0278162,1.0
20100201,BBG000C3NTN5,HOLX,XNGS,99.0959,0.3057999999999999,49484944.0,14.93,15.28,14.93,15.25,4219455.0,2.0,0.5
20100201,BBG000BVLRY8,ALV,XNYS,99.8163,0.25545,49244450.0,45.68,47.8,45.14,47.5,3383604.0,1.0565027,1.0
20100201,BBG000BVB8Q0,TLM,XNYS,99.8508,0.2012,49528060.0,16.83,17.13,16.66,17.11,2683252.0,1.026893,1.0
20100201,BBG000BNW1S8,MDR,XNYS,99.0339,0.28034,50181640.0,23.99,24.52,23.91,24.0,2841494.0,1.0,1.0
20100201,BBG000FQRVM3,WAT,XNYS,96.1277,0.1654,51742372.0,57.22,57.61,56.4,57.18,825486.0,1.0,1.0
20100201,GEN_EQ0010624300001000,PDE,XNYS,99.1694,0.22576,50203024.0,30.07,30.48,29.8,30.43,1377313.0,1.0711972,1.0
20100201,BBG000BQT4L6,PBCT,XNGS,98.9136,0.19484,50590620.0,16.12,16.17,15.68,15.76,5776657.0,1.0843927,1.0
20100201,BBG000K82ZT8,CHKP,XNGS,80.409,0.1687699999999999,62345044.0,32.0871,32.2,31.41,32.05,2890934.0,1.0,1.0
20100201,BBG000BWGYF8,VMC,XNYS,99.5267,0.21097,50799000.0,44.54,44.95,44.11,44.95,858243.0,1.0678537,1.0
20100201,BBG000BHB3M6,DOV,XNYS,98.2788,0.16408,51533828.0,43.18,43.89,43.02,43.47,1514844.0,1.0552818,1.0
20100201,BBG000BWCKB6,VFC,XNYS,99.7009,0.15587,50905252.0,72.29,73.03,72.0,72.95,356844.0,1.0752677,1.0
20100201,BBG000C3GN47,COG,XNYS,97.4839,0.20642,52128464.0,38.87,39.95,38.86,39.94,1441503.0,1.0075201,1.0
20100201,BBG000PQ6YJ3,SHLD,XNGS,38.4231,0.28579,133791460.0,94.15,94.26,91.79,94.24,1801687.0,1.0,1.0
20100201,BBG000BFVXX0,CMS,XNYS,98.993,0.13472,52027270.0,15.23,15.28,15.08,15.25,3136634.0,1.0696206,1.0
20100201,BBG000BB29X4,DTE,XNYS,99.592,0.11457,51793424.0,42.23,42.61,41.82,42.61,1048107.0,1.1254581,1.0
20100201,BBG000DKCC19,TSN,XNYS,96.2883,0.28414,53655776.0,13.83,13.99,13.79,13.99,3346741.0,1.0288188,1.0
20100201,BBG000DSZTN6,CCJ,XNYS,100.0,0.21929,51726452.0,27.39,27.94,27.3,27.89,1784959.0,1.0152473,1.0
20100201,BBG000BFDLV8,CERN,XNGS,86.0637,0.2466199999999999,60102650.0,76.05,79.11,74.39,77.69,1495662.0,1.0,1.0
20100201,BBG000RGM5P1,TEL,XNYS,99.8545,,51959950.0,25.11,25.61,24.99,25.53,2332554.0,1.0573018,1.0
20100201,BBG000BB5792,RCL,XNYS,60.7739,0.27973,85580550.0,26.67,26.68,26.06,26.6,4370396.0,1.0153764,1.0
20100201,BBG000DWB323,UBS,XNYS,100.0,0.30732,52144932.0,13.19,13.45,13.16,13.31,5463013.0,1.05,0.952381
20100201,GEN_EQ0010548100001000,MI,XNYS,98.9042,0.3583099999999999,52956812.0,7.02,7.05,6.8,6.88,8745931.0,1.0797198,1.0
20100201,GEN_EQ0010091900001000,LZ,XNYS,98.9783,0.233,52976580.0,71.73,73.13,68.86,72.93,3684592.0,1.0532184,1.0
20100201,BBG000BN84F3,DGX,XNYS,83.0311,0.1451,63390724.0,55.87,56.91,55.77,56.44,2008649.0,1.0177332,1.0
20100201,BBG000CPQZ77,WFMI,XNGS,81.5321,0.42994,64614524.0,27.22,27.73,27.17,27.42,1404913.0,1.0204072,1.0
20100201,BBG000D9KWL9,MTB,XNYS,89.6012,0.22405,58836984.0,74.23,75.26,74.23,74.9,857350.0,1.0963781,1.0
20100201,BBG000BJ5GK2,EXPD,XNGS,97.5338,0.16979,54078770.0,34.1,34.65,33.97,34.46,2564572.0,1.0203931,1.0
20100201,BBG000BKR1D6,GWW,XNYS,84.116,0.11224,62892384.0,99.67,100.36,98.26,99.94,794835.0,1.040873,1.0
20100201,BBG000BBL8V7,PWR,XNYS,98.6315,0.25218,53650376.0,18.45,18.6,18.28,18.38,2303043.0,1.0,1.0
20100201,BBG000BT4T69,SLE,XNYS,94.8286,0.20559,56092452.0,12.23,12.25,12.0,12.09,4311642.0,1.0859733,1.0
20100201,BBG000CC53X1,OSK,XNYS,96.9518,0.44967,55194580.0,36.35,38.0,36.35,37.6,1741729.0,1.040786,1.0
20100201,BBG000KLB4Q1,SWKS,XNGS,99.1272,0.31126,53992100.0,12.67,13.345,12.65,13.24,5514711.0,1.0,1.0
20100201,BBG000BK2F42,FIS,XNYS,88.0875,0.20095,60768612.0,23.85,23.85,23.48,23.76,2323389.0,1.8269613,1.0
20100201,BBG000BTLMX5,STR,XNYS,98.7676,0.17248,54287050.0,41.73,42.28,41.55,42.25,1349317.0,1.025653,1.0
20100201,BBG000BBCDZ2,ROK,XNYS,99.4576,0.1939999999999999,53984068.0,48.46,49.75,48.44,49.75,1362933.0,1.0648954,1.0
20100201,BBG000BPNP00,MXIM,XNGS,98.9486,0.2090199999999999,54429428.0,17.6,17.91,17.52,17.9,6740358.0,1.068496,1.0
20100201,BBG000BLDV98,HRB,XNYS,95.8085,0.22493,56435910.0,21.58,21.76,21.46,21.58,3073587.0,1.0638974,1.0
20100201,BBG000HQ7GC7,RSH,XNYS,99.6494,0.32318,55097516.0,19.65,19.68,19.14,19.47,3324964.0,1.0397846,1.0
20100201,BBG000BLHRS2,HSY,XNYS,99.7991,0.1797799999999999,55431296.0,36.59,36.81,36.06,36.81,2235151.0,1.0678753,1.0
20100201,BBG000BVXPZ8,NYB,XNYS,92.6093,0.25048,59919010.0,15.1,15.25,14.96,15.13,4677159.0,1.1572374,1.0
20100201,GEN_EQ0030073600001000,JCG,XNYS,93.508,0.2923,60000310.0,39.47,39.67,38.87,39.55,832620.0,1.0,1.0
20100201,BBG000BTQ9G8,SVU,XNYS,98.8161,0.26746,56908836.0,14.72,14.99,14.72,14.84,3352631.0,1.0818985,1.0
20100201,BBG000BWXL85,RHT,XNYS,99.2901,0.25827,56858150.0,27.21,28.35,26.8701,28.33,3925732.0,1.0,1.0
20100201,BBG000BJKPG0,FISV,XNGS,97.4578,0.1714,57943956.0,45.18,45.85,44.8,45.8,1713391.0,1.0,1.0
20100201,BBG000BCTQ65,XEL,XNYS,99.6916,0.12149,56791904.0,20.83,20.91,20.625,20.85,2335103.0,1.1027356,1.0
20100201,BBG000BWVSR1,WM,XNYS,92.5868,0.19259,61244620.0,32.2,32.46,31.83,32.18,1833928.0,1.0757623,1.0
20100201,BBG000BVHBM1,TOL,XNYS,87.3119,0.20413,65093070.0,18.56,18.63,18.07,18.62,2618728.0,1.0,1.0
20100201,BBG000CFJL87,DNDN,XNMS,98.4044,0.24638,58068944.0,28.37,29.22,28.25,29.22,2551611.0,1.0,1.0
20100201,BBG000F7RCJ1,AAP,XNYS,99.4467,0.25437,57493268.0,39.55,40.51,39.5,40.49,1106296.0,1.0127178,1.0
20100201,BBG000BP5YT0,FLEX,XNGS,99.3865,0.32594,57888884.0,6.54,6.665,6.4,6.58,9504433.0,1.0,1.0
20100201,GEN_EQ0010020600001000,BDK,XNYS,97.8447,0.2643,58822490.0,65.17,66.21,64.79,66.11,688328.0,1.0582484,1.0
20100201,BBG000BSXQV7,SHW,XNYS,83.0753,0.17189,69773224.0,63.77,64.75,63.5,64.62,1190453.0,1.052476,1.0
20100201,BBG000BX3BL3,WY,XNYS,99.6427,0.19529,58451310.0,40.38,41.01,39.88,41.0,2010096.0,1.0682806,1.0
20100201,BBG000D9DMK0,LH,XNYS,99.5473,0.1671599999999999,58640256.0,71.72,71.83,70.87,71.6,1036690.0,1.0,1.0
20100201,BBG000BF2KK4,CBE,XNYS,99.1478,0.1657199999999999,58930924.0,43.27,43.37,42.95,43.09,749761.0,1.0613732,1.0
20100201,BBG000BDG1Y1,BMC,XNGS,98.4436,0.15787,59442650.0,38.48,38.69,38.13,38.42,3086981.0,1.0,1.0
20100201,BBG000CXYSZ6,FFIV,XNGS,99.4918,0.24964,58817244.0,49.53,50.41,49.33,50.39,1061760.0,1.0,1.0
20100201,GEN_EQ0010141600001000,SUN,XNYS,99.5259,0.26335,59245236.0,25.29,26.67,25.29,26.64,2944499.0,1.0679852,1.0
20100201,BBG000PX3XC0,WLL,XNYS,95.6102,0.1917,62317944.0,66.91,69.5,66.91,69.38,847258.0,1.0,1.0
20100201,BBG000C2YHG9,DISH,XNGS,95.8631,0.25016,62747490.0,18.46,19.02,18.3,19.01,2675621.0,1.0992556,1.0
20100201,BBG000MBDGM6,EQIX,XNGS,98.763,0.2259199999999999,61181372.0,96.69,97.82,95.3,95.85,1240098.0,1.0,1.0
20100201,BBG000BR37X2,PGR,XNYS,91.8261,0.13789,65854596.0,16.62,16.76,16.56,16.75,4188334.0,1.1821178,1.0
20100201,BBG000TK7PB8,PCX,XNYS,98.2373,0.54339,61617364.0,15.78,17.07,15.63,16.96,6228179.0,2.0,0.5
20100201,BBG000BNBPQ0,LM,XNYS,91.5226,0.3232,66186150.0,25.85,26.56,25.8,26.28,1931176.0,1.0551893,1.0
20100201,GEN_EQ0015479000002000,ACS,XNYS,97.3738,0.2005599999999999,62373680.0,61.89,62.64,61.62,62.63,957800.0,1.0,1.0
20100201,BBG000DR22B6,STEC,XNGS,74.399,0.64003,81643900.0,14.2,14.68,13.76,14.63,2916126.0,1.0,1.0
20100201,BBG000BP1152,CIEN,XNGS,96.7833,0.41619,63283150.0,12.83,13.15,12.81,13.1,3730819.0,1.0,1.0
20100201,BBG000FL0BC8,FST,XNYS,93.8837,0.31491,65289030.0,24.29,25.38,24.29,25.35,2645059.0,1.0,1.0
20100201,BBG000BGXZB5,AEO,XNYS,90.1253,0.2818699999999999,68366490.0,15.98,16.23,15.82,16.18,3418012.0,1.0595739,1.0
20100201,BBG000DNTSP4,SE,XNYS,99.8667,0.15358,61839224.0,21.49,21.73,21.35,21.73,3889514.0,1.1079532,1.0
20100201,BBG000FV1Z23,CCI,XNYS,97.119,0.20486,63875516.0,37.13,37.44,36.81,37.27,1996292.0,1.0,1.0
20100201,BBG000BNFLM9,LRCX,XNGS,99.3981,0.19235,62742090.0,33.15,33.77,33.03,33.62,2876278.0,1.0,1.0
20100201,BBG000NDZ417,PXP,XNYS,96.8188,0.28481,64444900.0,33.6,34.78,33.6,34.76,1850655.0,1.0,1.0
20100201,BBG000QY3XZ2,EXPE,XNGS,72.5876,0.29392,86039784.0,21.57,22.2,21.38,22.1,3995680.0,1.0,1.0
20100201,BBG000C9W1Y1,XL,XNYS,99.427,,62887516.0,16.75,17.09,16.64,16.88,3255026.0,1.1212065,1.0
20100201,BBG000BXRPH1,PXD,XNYS,98.4201,0.22087,63566816.0,44.57,45.93,44.55,45.84,1318955.0,1.0090024,1.0
20100201,BBG000BGD7W6,MAR,XNYS,79.6594,0.19521,78687336.0,26.39,26.63,26.335,26.56,2621806.0,1.0307341,0.9891886
20100201,BBG000BCYP43,BCR,XNYS,98.9328,0.19588,63569612.0,82.83,83.26,82.02,82.24,866449.0,1.0176802,1.0
20100201,BBG000BF8TF5,CDE,XNYS,99.7033,0.38581,63148690.0,14.29,15.3,14.27,15.17,2728987.0,0.1,10.0
20100201,BBG000BW2QX0,UNM,XNYS,99.6636,0.21028,63818144.0,19.71,20.14,19.59,20.1,3175032.0,1.0375105,1.0
20100201,BBG000BVPPM1,TSO,XNYS,98.5061,0.322,64574040.0,12.59,12.86,12.525,12.83,4127066.0,1.0486792,1.0
20100201,BBG000BDWKC5,CA,XNGS,71.6859,0.22069,89064930.0,22.1,22.12,21.8,22.02,6393942.0,1.0161613,1.0
20100201,BBG000BR54L0,PHM,XNYS,87.8918,0.21855,72854330.0,10.52,10.57,10.34,10.56,6856847.0,1.0126833,1.0
20100201,BBG000BNGTQ7,LTD,XNYS,82.106,0.23854,78802420.0,19.23,19.67,19.12,19.65,3069296.0,1.0950487,1.0
20100201,BBG000BY2Y78,IVZ,XNYS,98.7526,0.28698,65609452.0,19.29,20.12,19.26,20.05,6011999.0,1.0546082,1.0
20100201,BBG000F80SZ5,WFR,XNYS,99.8938,0.34954,65102420.0,12.65,13.06,12.6,13.04,4521682.0,1.0,1.0
20100201,BBG000BN5HF7,LEN,XNYS,97.4271,0.24914,66844680.0,15.47,15.49,15.06,15.32,4588521.0,1.0545775,1.0
20100201,BBG000BN7277,EGO,XNYS,100.0,0.32087,65148228.0,11.9,12.5,11.88,12.49,5651084.0,1.0,1.0
20100201,BBG000M4SW14,IOC,XNYS,100.0,0.57391,65157584.0,62.9,63.69,60.39,62.68,2631782.0,1.0,1.0
20100201,BBG000BR3KL6,PH,XNYS,99.0062,0.16075,65815504.0,56.2,57.4,56.06,57.14,1622236.0,1.0388834,1.0
20100201,GEN_EQ0034828200001000,RX,XNYS,99.1918,0.25489,65777230.0,21.61,21.75,21.6,21.7,3121463.0,1.0151188,1.0
20100201,BBG000BGFLL5,NYX,XNYS,99.8032,0.24533,65554930.0,23.53,23.64,23.3,23.46,2368085.0,1.0819322,1.0
20100201,BBG000DV7MX4,ONNN,XNGS,98.2722,0.36705,66654504.0,7.23,7.57,7.21,7.56,12351547.0,1.0,1.0
20100201,BBG000BGRKT6,LLL,XNYS,96.4697,0.11833,67983576.0,83.63,84.84,83.48,84.64,618217.0,1.0314299,1.0
20100201,BBG000JN9BQ6,NIHD,XNGS,99.2737,0.3394,66151924.0,33.02,33.49,32.7,33.4,1179762.0,1.0,1.0
20100201,BBG000BRJ809,PPG,XNYS,99.7486,0.1411,65903692.0,59.27,59.54,58.87,59.52,1363795.0,1.0848411,1.0
20100201,BBG000BKSL41,HCBK,XNGS,89.2184,0.17223,73840184.0,13.33,13.35,13.18,13.25,4515099.0,1.0733666,1.0
20100201,BBG000CVWGS6,ATVI,XNGS,43.0375,0.2802699999999999,153330700.0,10.12,10.16,10.03,10.08,13965273.0,2.0,0.5
20100201,BBG000CGT2S4,UPL,XNYS,96.3419,0.2300099999999999,68605496.0,46.795,48.32,46.56,48.23,1084894.0,1.0,1.0
20100201,BBG000LC1FS4,ATI,XNYS,89.769,0.29741,73822620.0,41.54,43.96,41.3,43.88,2215348.0,1.0420258,1.0
20100201,BBG000NSCNT7,PFG,XNYS,99.5714,0.28587,66713760.0,23.24,23.69,23.1,23.33,1882182.0,1.0417569,1.0
20100201,BBG000BG14P4,CREE,XNGS,91.7556,0.29446,72986040.0,56.52,59.0,56.14,59.0,2042556.0,1.0,1.0
20100201,GEN_EQ0011591100001000,MFE,XNYS,99.4704,0.2318099999999999,67824216.0,37.9,37.93,37.56,37.86,1362604.0,1.0,1.0
20100201,BBG000D1QCF1,FTI,XNYS,98.4862,0.19226,68818344.0,53.69,55.4,53.36,55.16,1184479.0,1.0534034,1.0
20100201,BBG000BP1Q11,MHP,XNYS,98.9932,0.2225099999999999,68617420.0,35.64,35.98,35.31,35.44,1800823.0,1.0627596,1.0
20100201,BBG000BJVZF7,FRX,XNYS,99.1489,0.13881,68980680.0,29.86,29.96,29.25,29.47,2998923.0,1.0,1.0
20100201,BBG000CL9VN6,NFLX,XNGS,96.5074,0.33379,70872100.0,61.81,62.87,59.73,61.03,2701737.0,1.0,1.0
20100201,BBG000BK1FD3,FWLT,XNGS,99.4726,0.2897699999999999,68763360.0,28.42,28.96,28.11,28.89,2980863.0,2.0,0.5
20100201,BBG000BTCH57,CHRW,XNGS,97.2479,0.15388,70430880.0,56.84,57.65,56.6875,57.4,981456.0,1.0372465,1.0
20100201,GEN_EQ0010066700001000,GR,XNYS,99.3495,0.17987,69042104.0,62.86,63.42,62.3,63.09,1412202.0,1.0419998,1.0
20100201,BBG000CNWNL6,OI,XNYS,99.1624,0.25404,69324010.0,27.31,27.53,27.0,27.45,3593465.0,1.0,1.0
20100201,BBG000DN7P92,SYK,XNYS,72.8224,0.17407,95673250.0,52.22,52.22,51.6,52.2,1323355.0,1.0151845,1.0
20100201,BBG000BGKHZ3,VRSN,XNGS,99.2818,0.2882,70192570.0,22.9,23.19,22.75,23.19,2977623.0,1.0,1.0
20100201,BBG000D7RKJ5,EIX,XNYS,99.6812,0.12529,70015680.0,33.47,33.71,33.1,33.66,1843481.0,1.0704349,1.0
20100201,BBG000FBK808,DNR,XNYS,97.5029,0.3155099999999999,71963380.0,13.77,14.49,13.77,14.46,4405152.0,1.0,1.0
20100201,BBG000BMB7R1,ITT,XNYS,99.6199,0.18061,70487656.0,48.57,48.79,47.73,48.76,1453113.0,1.0324501,1.0
20100201,BBG000CKJ0P3,LIFE,XNGS,99.7035,0.15542,70593176.0,50.05,50.2,49.2,49.46,2486677.0,2.0,0.5
20100201,BBG000BMKDM3,K,XNYS,77.2794,0.11244,91439040.0,54.79,54.88,54.34,54.72,3388244.0,1.0598606,1.0
20100201,BBG000BK6G19,NFX,XNYS,98.2688,0.2320699999999999,72385710.0,50.0,51.96,49.85,51.95,1679973.0,1.0,1.0
20100201,BBG000BBNYF6,DRI,XNYS,99.1428,0.16184,71856910.0,37.15,37.92,37.03,37.85,2815030.0,1.0638717,1.0
20100201,BBG000BLCPY4,HP,XNYS,96.8388,0.18987,73785190.0,42.21,42.9,41.68,42.85,2539519.0,1.0112367,1.0
20100201,BBG000BDXGP9,CAG,XNYS,99.7023,0.14665,72189970.0,22.85,22.94,22.71,22.94,3101619.0,1.0896499,1.0
20100201,BBG000BHCP19,MCHP,XNGS,97.4409,0.14403,74687336.0,26.0,26.58,25.8,26.51,3191553.0,1.111275,1.0
20100201,BBG000FFH4P5,FLS,XNYS,98.6998,0.21413,74510910.0,92.99,95.83,92.12,94.33,1722940.0,1.0260526,1.0
20100201,BBG000DQTXY6,DHI,XNYS,91.1743,0.2655099999999999,80673210.0,11.83,12.04,11.63,11.91,6773569.0,1.0431296,1.0
20100201,BBG000BS9489,OMC,XNYS,99.1363,0.17189,74259910.0,35.62,36.18,35.45,36.03,2735503.0,1.0356718,1.0
20100201,BBG000BP4MH0,MMC,XNYS,99.6449,0.1737,74003250.0,21.64,21.78,21.53,21.68,2487072.0,1.080736,1.0
20100201,BBG000DSMS70,ILMN,XNGS,97.8658,0.43256,75948490.0,36.7,37.53,36.54,37.24,1641914.0,2.0,0.5
20100201,BBG000BBVCN6,ESI,XNYS,99.6517,0.30408,74631610.0,95.4,96.7,93.51,95.43,1546289.0,1.0,1.0
20100201,BBG000BL79J3,URBN,XNGS,78.4757,0.2216199999999999,94906170.0,32.39,32.54,32.05,32.49,3502029.0,1.0,1.0
20100201,BBG000BTQR96,SWK,XNYS,99.046,0.1789,75348340.0,51.57,52.34,51.21,52.23,1346378.0,1.068489,1.0
20100201,BBG000BNNYW1,MAT,XNGS,99.8419,0.27623,74895440.0,19.86,20.34,19.51,20.27,6359534.0,1.0995606,1.0
20100201,BBG000BRZBT3,RDC,XNYS,98.9823,0.20307,76602990.0,21.81,22.34,21.6805,22.25,1710527.0,1.0134517,1.0
20100201,BBG000BFS7D3,CLX,XNYS,99.5865,0.11687,76188570.0,59.32,59.58,59.01,59.48,650636.0,1.0760058,1.0
20100201,BBG000C6F3T8,IGT,XNYS,99.4488,0.26543,76361980.0,18.47,19.14,18.41,18.83,4780487.0,1.0441359,1.0
20100201,BBG000C1S2X2,VRTX,XNGS,98.6494,0.2463,77192430.0,39.93,39.93,39.18,39.34,2358078.0,1.0,1.0
20100201,BBG000BH5DV1,INTU,XNGS,89.687,0.18954,85045770.0,29.51,30.1,29.51,29.91,2725101.0,1.0,1.0
20100201,GEN_EQ0010104800001000,NSM,XNYS,99.154,0.21594,76928504.0,13.38,13.71,13.29,13.68,4885545.0,1.0413246,1.0
20100201,BBG000BC15S7,AON,XNYS,92.9232,0.17415,82184940.0,39.1,39.27,38.6,38.79,3273362.0,1.033359,1.0
20100201,BBG000FJRZ68,DO,XNYS,49.5589,0.1250099999999999,154834460.0,91.96,94.96,91.96,94.89,1617055.0,1.1729392,1.0
20100201,BBG000MDCQC2,ABC,XNYS,99.3383,0.1580599999999999,77352190.0,27.46,27.78,27.08,27.75,3682239.0,2.0410078,0.5
20100201,BBG000F86GP6,MCO,XNYS,99.7254,0.33801,77356280.0,27.84,28.15,27.74,27.92,2744835.0,1.0294596,1.0
20100201,BBG000FQ6PY6,CTXS,XNGS,99.5027,0.22506,77891576.0,41.73,42.35,41.64,42.31,4495502.0,1.0,1.0
20100201,BBG000BX9WL1,ZION,XNGS,97.2407,0.41917,79807150.0,19.17,19.94,19.13,19.92,6860263.0,1.0462854,1.0
20100201,BBG000BMFFQ0,JEC,XNYS,97.1834,0.22746,80043220.0,38.05,38.38,37.92,38.31,1851884.0,1.0,1.0
20100201,BBG000BVVQQ8,TXT,XNYS,99.7411,0.3448,78048460.0,19.62,20.69,19.53,20.64,6502047.0,1.0386152,1.0
20100201,GEN_EQ0140919900001000,PGN,XNYS,99.7792,0.10113,78181450.0,39.24,39.31,38.75,39.2,1710917.0,1.1490139,1.0
20100201,BBG000C2V3D6,A,XNYS,99.6857,0.1743799999999999,78512030.0,28.16,29.32,28.13,29.13,3992309.0,1.0,1.0
20100201,GEN_EQ0010050500001000,EP,XNYS,99.4574,0.23426,79049940.0,10.21,10.45,10.19,10.45,7627521.0,1.0361359,1.0
20100201,BBG000BD0TF8,BEN,XNYS,65.2606,0.18525,121093080.0,99.59,101.59,99.03,101.45,1178404.0,1.0502481,1.0
20100201,BBG000C23KJ3,AES,XNYS,99.5241,0.24103,79431060.0,12.66,12.91,12.48,12.89,5796237.0,1.0,1.0
20100201,BBG000BL5W86,HL,XNYS,99.499,0.45611,79717050.0,4.63,5.14,4.61,5.13,19251224.0,1.0,1.0
20100201,BBG000BLBXT4,HOT,XNYS,91.3056,0.24733,87118536.0,33.77,34.46,33.38,34.34,3773360.0,1.0613052,1.0
20100201,BBG000BJDPC2,FDO,XNYS,92.3321,0.1977499999999999,86678630.0,30.86,31.05,30.69,31.01,2539491.0,1.04159,1.0
20100201,BBG000BKXFN7,PTEN,XNGS,98.2193,0.2322,81521736.0,15.39,16.1,15.39,16.1,5566578.0,1.0502638,1.0
20100201,BBG000BV75B7,TIF,XNYS,92.8749,0.19626,86285496.0,40.61,41.14,40.61,41.1,1360748.0,1.0433583,1.0
20100201,BBG000BL9439,HNZ,XNYS,97.8416,0.10361,82150730.0,43.89,43.93,43.4,43.93,2110335.0,1.0834225,1.0
20100201,BBG000G8N9C6,JWN,XNYS,76.9785,0.2137099999999999,104724530.0,34.84,35.24,34.42,35.19,3085682.0,1.0624098,1.0
20100201,GEN_EQ0010168800001000,COMS,XNGS,98.4985,0.4039399999999999,82459040.0,7.44,7.49,7.43,7.48,13389241.0,1.0,1.0
20100201,BBG000BQVTF5,PCAR,XNGS,87.8579,0.20654,92576650.0,36.16,36.3,35.63,36.11,3483580.0,1.0393298,1.0
20100201,BBG000BJQWD2,AKAM,XNGS,96.4939,0.38473,85027580.0,25.93,26.24,25.6,26.18,4981162.0,1.0,1.0
20100201,BBG000C2ZCH8,SRE,XNYS,99.2811,0.15079,82655020.0,50.93,51.3,50.38,51.22,1962964.0,1.0617378,1.0
20100201,BBG000BHLYS1,ED,XNYS,99.7926,0.08812,82416616.0,43.84,43.93,43.36,43.93,1277668.0,1.1218741,1.0
20100201,BBG000BJ98Z0,GMCR,XNGS,85.2013,0.29735,96710070.0,84.34,85.94,82.6,84.41,1225441.0,1.5,0.6666667
20100201,BBG000C7LMS8,AZO,XNYS,97.4282,0.15262,84629780.0,155.45,157.04,155.41,156.5,283616.0,1.0,1.0
20100201,BBG000BM7HL0,ADSK,XNGS,99.2795,0.2368,83390780.0,23.76,24.08,23.545,23.81,3697351.0,1.0,1.0
20100201,BBG000BQWPC5,PCG,XNYS,99.8297,0.12473,82991230.0,42.4,42.5,42.0,42.22,2507877.0,1.0846822,1.0
20100201,BBG000BKZTP3,HOG,XNYS,98.9763,0.25533,84825110.0,22.95,23.31,22.71,23.27,2643772.0,1.0702136,1.0
20100201,BBG000FKJRC5,EL,XNYS,88.9848,0.2062,94896480.0,52.84,53.94,52.45,53.8,2924967.0,1.0326295,1.0
20100201,BBG000D8RG11,NRG,XNYS,99.4533,0.24574,85642860.0,24.15,24.23,23.56,23.9,6511908.0,1.0,1.0
20100201,BBG000BBVK30,AMR,XNYS,98.7528,0.27259,86264800.0,7.06,7.43,6.97,7.42,10136626.0,1.0,1.0
20100201,GEN_EQ0010020500001000,BJS,XNYS,98.9719,0.18864,86317390.0,20.97,21.56,20.97,21.51,3721827.0,1.0248016,1.0
20100201,BBG000BVMPN3,TROW,XNGS,96.356,0.21513,88861460.0,49.77,51.14,49.37,51.03,2245224.0,1.048309,1.0
20100201,BBG000BS0ZF1,RL,XNYS,98.6489,0.2144599999999999,87038920.0,82.8,83.6699,82.63,83.14,792399.0,1.0075967,1.0
20100201,BBG000H89QJ6,TWC,XNYS,99.9796,0.19457,85920640.0,43.76,44.43,43.28,44.43,2555320.0,0.77278495,3.000003
20100201,BBG000BK5DP1,GCI,XNYS,99.8294,0.40059,86702770.0,15.29,15.43,14.12,15.02,22608088.0,1.1415977,1.0
20100201,BBG000C1FQS9,ETR,XNYS,99.7764,0.1373,87163350.0,76.62,77.43,75.9,77.23,1383720.0,1.0728874,1.0
20100201,BBG000BSBZH7,ROST,XNGS,97.0732,0.1787,90634050.0,46.27,46.81,46.0,46.5,2397207.0,1.0232497,1.0
20100201,BBG000BKPL53,ZMH,XNYS,99.877,0.16957,88265030.0,56.46,57.09,55.57,57.03,2072478.0,1.0,1.0
20100201,BBG000D3MB18,VMED,XNGS,99.0556,0.3032999999999999,89547760.0,14.47,15.07,14.47,15.04,8865168.0,1.0391197,1.0
20100201,BBG000G3QLY3,AMP,XNYS,99.8237,0.28228,89074184.0,38.5,39.83,38.41,39.76,2152628.0,1.044035,1.0
20100201,BBG000BHQ1H0,AGN,XNYS,99.6889,0.17848,89575460.0,57.69,58.07,57.38,58.02,1888512.0,1.0079403,1.0
20100201,BBG000BGLRN3,CTL,XNYS,98.1055,0.1563099999999999,91035370.0,34.19,34.39,34.06,34.27,1977863.0,1.1682309,1.0
20100201,BBG000C1FB75,ICE,XNYS,96.8904,0.35639,92579816.0,96.34,98.24,94.9,97.93,1186718.0,1.0,1.0
20100201,BBG000QBR5J5,DFS,XNYS,98.9341,0.2702,91170240.0,13.73,13.8,13.21,13.32,8426098.0,1.0274997,1.0
20100201,BBG000BQZMH4,PEG,XNYS,99.753,0.15823,90971780.0,30.73,30.82,30.46,30.63,2191866.0,2.161843,0.5
20100201,BBG000BNJHS8,LUV,XNYS,99.4436,0.23485,91559860.0,11.37,11.64,11.305,11.57,7672183.0,1.0038282,1.0
20100201,BBG000BN9WT5,LLTC,XNGS,98.9835,0.14711,92434670.0,26.035,27.05,26.035,27.04,5499824.0,1.0676548,1.0
20100201,BBG000BN2DC2,CRM,XNYS,87.6923,0.26311,104438800.0,64.02,65.28,63.65,65.18,1407202.0,1.0,1.0
20100201,BBG000BB5373,WU,XNYS,99.755,0.27163,92036770.0,18.66,18.7,18.395,18.58,6157770.0,1.0059918,1.0
20100201,BBG000DWG505,BRK/B,XNYS,78.9399,0.28366,116561650.0,77.79,78.0,74.62,75.41,13118514.0,50.0,0.02
20100201,BBG000BMQPL1,KEY,XNYS,99.8029,0.36895,92198216.0,7.23,7.37,7.13,7.34,17866736.0,1.072081,1.0
20100201,BBG000BC4JJ4,APD,XNYS,99.8285,0.1437099999999999,92328630.0,76.65,77.08,75.33,76.81,2319147.0,1.0517488,1.0
20100201,BBG000DGPR66,BG,XNYS,98.8728,0.29267,93854320.0,59.24,60.75,58.88,59.67,1419621.0,1.0238924,1.0
20100201,BBG000BPQD31,MYL,XNGS,97.4751,0.27134,95795860.0,18.35,18.45,18.0,18.12,4772346.0,1.0,1.0
20100201,BBG000BGPTV6,CMI,XNYS,96.4291,0.25376,97823016.0,45.73,46.98,45.55,46.94,2299192.0,2.0732536,0.5
20100201,BBG000B9WJ73,ACI,XNYS,99.6263,0.31777,94741560.0,21.0,21.85,20.53,21.6,8904286.0,1.0321738,1.0
20100201,BBG000LL9LQ5,IAG,XNYS,97.8931,0.40867,96428260.0,13.41,13.9,13.31,13.84,5597796.0,1.0150601,1.0
20100201,BBG000BPMH90,MUR,XNYS,94.5971,0.16268,101262290.0,51.5,52.59,51.49,52.5,1486369.0,1.0321677,1.0
20100201,BBG000BG7986,ARO,XNYS,98.8727,0.23221,97152904.0,32.91,34.02,32.8725,33.99,2111909.0,1.0,1.0
20100201,BBG000BM6788,IR,XNYS,99.8075,0.2175099999999999,96422320.0,33.06,33.36,32.63,33.03,4557720.0,1.0498861,1.0
20100201,BBG000BB5BF6,GME,XNYS,95.6393,0.30464,100658660.0,19.98,20.07,19.661,19.93,5711011.0,1.0,1.0
20100201,BBG000BB6M98,FE,XNYS,99.7266,0.1336,96887620.0,43.09,43.94,42.89,43.75,1835442.0,1.0857778,1.0
20100201,BBG000LD9JQ8,WYNN,XNGS,59.6632,0.30901,163393280.0,62.3,65.64,62.3,65.54,2507794.0,1.0620059,1.0
20100201,BBG000QRSL13,DRYS,XNGS,94.811,0.42823,103586550.0,5.56,5.75,5.56,5.75,14825854.0,1.0203933,1.0
20100201,BBG000BQSQ38,PAYX,XNGS,89.2614,0.14525,110138590.0,29.26,29.35,29.0,29.32,5188921.0,1.0996207,1.0
20100201,BBG000C0MF34,PCP,XNYS,99.6043,0.20717,98732456.0,105.7,107.57,104.77,107.5,1053516.0,1.0029151,1.0
20100201,BBG000HGYNZ9,STLD,XNGS,95.1484,0.28134,103407010.0,15.38,16.09,15.37,16.08,4734285.0,2.08895,0.5
20100201,BBG000BFXHL6,MOS,XNYS,35.7047,0.26631,275804670.0,54.08,56.27,54.05,56.27,3561584.0,1.0329894,1.0
20100201,GEN_EQ0010145600001000,TRA,XNYS,92.8194,0.32147,107067560.0,31.83,32.95,31.83,32.89,2158316.0,1.2422388,1.0
20100201,BBG000BTVJ25,SYY,XNYS,99.7843,0.1616199999999999,99614870.0,29.13,29.58,28.12,28.37,4866975.0,1.0758342,1.0
20100201,BBG000BPT0C6,NBL,XNYS,98.3952,0.17796,101503016.0,74.64,75.82,74.36,75.82,1651713.0,1.0224024,1.0
20100201,BBG000BNC3Y9,LNC,XNYS,99.3613,0.37179,101023976.0,25.0,25.27,24.71,24.93,3437634.0,1.0503035,1.0
20100201,BBG000BMTFR4,KLAC,XNGS,98.093,0.16236,102800690.0,28.45,29.2,28.3,29.19,6980085.0,1.0451623,1.0
20100201,BBG000BVWLJ6,TYC,XNYS,99.8895,0.16283,101207500.0,35.69,35.77,35.18,35.54,3787267.0,1.0503039,1.0
20100201,BBG000BX5ZF5,XRX,XNYS,99.5336,0.2395699999999999,101900140.0,8.75,8.97,8.73,8.97,14412257.0,1.0399407,1.0
20100201,BBG000BWSV34,WHR,XNYS,99.1793,0.2761699999999999,102645080.0,75.63,76.32,75.33,76.06,1159993.0,1.0685809,1.0
20100201,BBG000BJ3PD2,ETN,XNYS,99.4798,0.15273,104323200.0,61.64,64.45,61.48,64.37,2898518.0,1.0734493,1.0
20100201,BBG000BGVW60,D,XNYS,99.5202,0.1236099999999999,104501850.0,37.62,37.86,37.17,37.75,1762805.0,1.0945363,1.0
20100201,BBG000BB6G37,ADI,XNYS,97.9676,0.19835,106188190.0,27.05,27.61,26.92,27.52,4133010.0,1.0672442,1.0
20100201,BBG000BZ2GG4,CAM,XNYS,98.6638,0.1788,105698640.0,38.03,39.21,38.03,39.15,2359943.0,1.0,1.0
20100201,BBG000BMDV41,JCI,XNYS,99.2845,0.2222599999999999,105146120.0,28.02,28.75,28.02,28.73,5308690.0,1.0507978,1.0
20100201,GEN_EQ0117562400001000,PALM,XNGS,91.515,0.54975,114176790.0,10.53,10.82,10.11,10.54,9466026.0,1.0,1.0
20100201,BBG000BV7LP7,SWY,XNYS,99.5676,0.18409,105290984.0,22.65,22.95,22.44,22.63,4664117.0,1.0314087,1.0
20100201,BBG000BQ74K1,NTRS,XNGS,97.0265,0.23015,108303200.0,51.62,52.69,51.55,52.17,1764389.0,1.0390892,1.0
20100201,BBG000GC80B4,COV,XNYS,99.7929,,105607736.0,50.63,50.66,49.51,50.35,3220491.0,1.0355629,1.0
20100201,BBG000BR14K5,ACE,XNYS,99.58,0.17525,106149290.0,49.38,49.4,48.855,49.02,2364603.0,1.0407966,1.0
20100201,BBG000CSY9H9,BBBY,XNGS,96.638,0.16276,109721210.0,38.68,39.41,38.62,39.33,2450346.0,1.0,1.0
20100201,BBG000BP6L99,BRCD,XNGS,99.6158,0.36724,106583680.0,6.95,7.01,6.47,6.64,41439896.0,1.0,1.0
20100201,GEN_EQ0012661800001000,HGSI,XNMS,99.0589,0.40086,108145950.0,26.48,27.696,26.33,27.58,2767043.0,1.0,1.0
20100201,GEN_EQ0085215200001000,HK,XNYS,97.2134,0.22295,110744880.0,22.92,23.58,22.62,23.58,5973803.0,1.0,1.0
20100201,BBG000BH3GZ2,YUM,XNYS,99.5778,0.1591499999999999,108186420.0,34.45,35.45,34.39,35.42,3912963.0,1.0510418,1.0
20100201,BBG000M65M61,UAUA,XNGS,94.1707,0.33698,114420760.0,12.35,12.75,12.14,12.75,5862013.0,1.0693549,1.0
20100201,BBG000BCZYD3,BDX,XNYS,99.2879,0.16096,108573700.0,75.43,76.12,74.81,75.71,806181.0,1.0354745,1.0
20100201,BBG000TWC2V5,MJN,XNYS,95.8633,0.26743,112593384.0,45.43,46.35,45.25,46.25,2957272.0,1.0193186,1.0
20100201,BBG000BK67C7,GD,XNYS,94.8149,0.13021,114577630.0,67.22,69.58,66.79,69.43,3612230.0,1.0509971,1.0
20100201,GEN_EQ0010281900001000,CEPH,XNGS,98.5524,0.21554,110424860.0,63.9,65.42,63.9,64.8,2185759.0,1.0,1.0
20100201,GEN_EQ0010319800003000,CAL,XNYS,99.936,0.26589,109370650.0,18.54,19.35,18.5,19.29,4781291.0,1.0,1.0
20100201,BBG000BLKK03,HUM,XNYS,99.0646,0.2042,110464776.0,48.0,50.37,46.18,48.71,8797707.0,1.0,1.0
20100201,BBG000BQ2C28,NOC,XNYS,99.4113,0.1640599999999999,111392344.0,56.88,58.1,56.81,57.92,3363445.0,1.0631948,1.0
20100201,BBG000BH3JF8,DHR,XNYS,88.566,0.13425,125499670.0,71.63,71.95,71.09,71.85,2499907.0,1.0037558,1.0
20100201,BBG000BVMGF2,ALL,XNYS,99.9016,0.1938,111910980.0,30.11,30.26,29.73,29.95,2297687.0,1.0800755,1.0
20100201,BBG000B9XYV2,AMT,XNYS,99.93,0.1676299999999999,112072360.0,42.95,43.15,42.28,43.08,2710353.0,1.0,1.0
20100201,BBG000DHSPT0,VIA/B,XNYS,99.7816,0.1694699999999999,112246060.0,29.41,29.74,29.11,29.29,4157519.0,1.0,1.0
20100201,BBG000BWVCP8,WMB,XNYS,99.7385,0.21525,113023670.0,21.11,21.49,20.99,21.49,8509506.0,1.047154,1.0
20100201,BBG000BCNYT9,AVP,XNYS,99.8171,0.24821,113145760.0,30.46,31.22,30.32,31.17,4209101.0,1.056334,1.0
20100201,BBG000CGQ6M4,PX,XNYS,99.9151,0.14602,113196980.0,76.01,76.81,75.78,76.81,2450179.0,1.0432522,1.0
20100201,BBG000BFTJ91,CMCSK,XNGS,97.7535,0.23064,115731110.0,15.15,15.39,15.15,15.32,4089135.0,1.0381978,1.0
20100201,BBG000BZTW70,NBR,XNYS,95.6104,0.2152699999999999,119094264.0,22.76,23.56,22.33,23.55,5351602.0,1.0,1.0
20100201,BBG000BWJFZ4,CF,XNYS,94.6284,0.2746099999999999,120493256.0,93.95,95.91,93.08,95.28,993834.0,1.0097616,1.0
20100201,BBG000C0F570,XLNX,XNGS,99.8575,0.15957,114259520.0,23.51,24.1081,23.49,23.98,5637398.0,1.0550616,1.0
20100201,BBG000BF1R66,CB,XNYS,99.6716,0.1672,114547020.0,50.17,50.17,49.24,49.43,3503670.0,1.0593282,1.0
20100201,BBG000BCGY17,LO,XNYS,99.9498,0.1786299999999999,115901416.0,76.16,77.0,75.87,76.73,558492.0,1.0869446,1.0
20100201,BBG000BM5SR2,IP,XNYS,98.9637,0.30476,117120750.0,23.24,23.93,23.0,23.9,5551468.0,1.0874012,1.0
20100201,BBG000BFMBQ6,CI,XNYS,99.0621,0.2129599999999999,117376240.0,33.69,34.44,33.12,33.79,4715559.0,1.0039134,1.0
20100201,BBG000BP0KQ8,ERTS,XNGS,99.4944,0.2993699999999999,117395000.0,16.52,16.74,16.32,16.74,6575433.0,1.0,1.0
20100201,BBG000F15NW9,STJ,XNYS,97.8755,0.21266,120146296.0,38.14,38.21,37.73,38.02,2475828.0,1.0,1.0
20100201,BBG000PVRDL2,SLW,XNYS,100.0,0.3109699999999999,119420880.0,13.94,14.95,13.86,14.89,7169153.0,1.0,1.0
20100201,BBG000FVXD63,RRC,XNYS,97.7289,0.19628,122747464.0,46.51,47.72,46.37,47.57,2238379.0,1.0068892,1.0
20100201,BBG000HW5GX3,CNQ,XNYS,100.0,0.19163,120401730.0,64.3,65.15,64.17,65.06,1681297.0,1.0133452,1.0
20100201,BBG000C496P7,CBS,XNYS,99.6634,0.34345,121435420.0,13.0,13.29,12.83,13.29,9033469.0,1.1225176,1.0
20100201,BBG000D898T9,CAH,XNYS,98.4669,0.15405,123144230.0,33.18,33.66,32.79,33.66,4372248.0,1.4405341,1.0
20100201,BBG000R7Z112,DAL,XNYS,99.2342,0.19918,122209640.0,12.37,12.64,12.32,12.63,9676139.0,1.0,1.0
20100201,BBG000BJPDZ1,ISRG,XNGS,98.5004,0.2325499999999999,123563590.0,328.36,331.21,323.73,328.65,480001.0,1.0,1.0
20100201,BBG000BQ5DS5,NSC,XNYS,99.6517,0.13298,122432856.0,47.28,48.5,47.28,48.08,2295639.0,1.0549601,1.0
20100201,BBG000DYGNW7,MCK,XNYS,99.7565,0.17683,122348504.0,58.99,59.8,58.16,59.53,1962004.0,1.0185975,1.0
20100201,BBG000H9G7X2,ANF,XNYS,98.4548,0.34801,124949460.0,31.8,32.07,31.31,32.07,2779807.0,1.0428145,1.0
20100201,BBG000JG0547,ADP,XNGS,98.7303,0.1308099999999999,125617270.0,41.03,41.16,40.71,41.07,3194528.0,1.0657705,1.0
20100201,BBG000BBMSJ6,ALTR,XNGS,99.817,0.17164,125092060.0,21.26,21.95,21.26,21.88,7225403.0,1.0209781,1.0
20100201,BBG000C0LW92,BSX,XNYS,96.9478,0.26494,129133790.0,8.48,8.83,8.24,8.42,68246910.0,1.0,1.0
20100201,BBG000BB2DM7,KGC,XNYS,100.0,0.30798,127537990.0,16.37,17.03,16.305,16.98,7018166.0,1.0087208,1.0
20100201,BBG000CKVSG8,CNX,XNYS,99.7405,0.24148,128016296.0,47.43,50.07,46.87,49.97,4605768.0,1.0191618,1.0
20100201,BBG000BMBL90,ITW,XNYS,93.731,0.15169,136733710.0,43.92,44.28,43.49,43.7,3296810.0,1.0612077,1.0
20100201,BBG000BMF5J0,JCP,XNYS,92.4354,0.2293099999999999,138839540.0,25.06,25.2,24.75,25.2,2991210.0,1.0635933,1.0
20100201,BBG000CHPY97,ECA,XNYS,100.0,0.2222699999999999,128548420.0,31.07,31.65,30.93,31.6,3113162.0,1.9760326,1.0
20100201,BBG000BHGDH5,DUK,XNYS,99.7488,0.10305,131032270.0,16.56,16.65,16.41,16.65,5615519.0,1.1198869,1.0
20100201,GEN_EQ0010135600001000,SII,XNYS,98.788,0.2514099999999999,133472610.0,30.72,31.65,30.43,31.58,3903297.0,1.0298041,1.0
20100201,BBG000BWNFZ9,WDC,XNYS,98.8736,0.21954,133744990.0,38.28,39.78,38.19,39.7,4681299.0,1.0,1.0
20100201,BBG000BKLH74,GPS,XNYS,70.4615,0.18573,188671950.0,19.21,19.34,19.1,19.16,7808844.0,1.0450684,1.0
20100201,BBG000BSD7C2,RTN,XNYS,99.4953,0.1222,135012340.0,52.46,52.96,52.14,52.96,2723174.0,1.0487342,1.0
20100201,BBG000JN8R00,WLT,XNYS,99.0554,0.35355,135634910.0,65.63,68.55,65.5,68.0,2444081.0,1.0181881,1.0
20100201,BBG000BJSBJ0,FPL,XNYS,99.5535,0.1363599999999999,137140660.0,48.65,49.29,48.54,49.23,2772196.0,1.0676746,1.0
20100201,BBG000BKCFC2,GIS,XNYS,99.4937,0.10897,137227300.0,71.83,71.83,70.74,71.03,2782182.0,1.0670455,1.0
20100201,BBG000PM7GJ0,ANR,XNYS,98.5123,0.3567099999999999,140190740.0,41.25,42.64,41.02,42.51,3438726.0,1.0,1.0
20100201,BBG000BL8GJ6,AKS,XNYS,94.6423,0.31361,146423740.0,20.7,21.73,20.7,21.64,7879662.0,1.022986,1.0
20100201,GEN_EQ0010172300001000,GENZ,XNGS,99.6678,0.20629,139872050.0,54.46,54.52,53.99,54.19,1550100.0,1.0,1.0
20100201,BBG000BLM0V1,AGU,XNYS,100.0,,139446130.0,57.42,59.27,56.93,58.99,2751882.0,1.0045124,1.0
20100201,BBG000BB9KF2,AEP,XNYS,99.9094,0.10024,139844480.0,34.81,34.91,34.22,34.6,5116847.0,1.1011857,1.0
20100201,BBG000BVDLH9,TMO,XNYS,99.664,0.20467,140756300.0,46.11,46.96,46.0,46.92,4053341.0,1.0,1.0
20100201,BBG000BBDV81,CTSH,XNGS,99.5732,0.26944,141605630.0,43.8,44.69,43.67,44.69,3164206.0,1.0,1.0
20100201,BBG000BB6KF5,MET,XNYS,71.2378,0.21197,198416850.0,36.1,36.79,35.69,35.94,4718846.0,1.0442451,1.0
20100201,BBG000BH2JM1,SYMC,XNGS,99.5926,0.21629,143304700.0,17.11,17.37,16.99,17.33,13478656.0,1.0,1.0
20100201,BBG000J5Q6L2,GNW,XNYS,99.7043,0.43768,143974540.0,14.09,14.35,13.89,14.34,14670696.0,1.0347463,1.0
20100201,BBG000C5HS04,NKE,XNYS,99.6989,0.1580599999999999,144253170.0,63.97,64.45,63.51,64.1,1597355.0,1.0353726,1.0
20100201,BBG000BB2KW0,APOL,XNGS,85.9242,0.2603,168898720.0,60.45,60.7495,59.77,60.2,3436337.0,1.0,1.0
20100201,BBG000DTMH63,NE,XNYS,99.1554,,146387860.0,41.15,41.94,40.79,41.89,3441282.0,1.0219122,1.0
20100201,BBG000BY29C7,COH,XNYS,98.4502,0.2054,147951460.0,35.0,35.36,34.83,35.27,3757081.0,1.0074978,1.0
20100201,BBG000C2BXK4,MGM,XNYS,56.997,0.44442,255581580.0,11.14,11.82,11.14,11.82,30812524.0,1.0,1.0
20100201,GEN_EQ0000000001064567,BUCY,XNGS,99.1646,0.36235,147589580.0,52.81,54.26,52.4,53.68,2992307.0,2.0139456,0.5
20100201,BBG000BMY992,KR,XNYS,94.0342,0.20069,155907020.0,21.53,21.7,21.4,21.49,6255308.0,1.0295995,1.0
20100201,BBG000BB6WG8,ADM,XNYS,97.8282,0.23564,150862700.0,30.07,30.18,29.65,30.16,5879635.0,1.036968,1.0
20100201,BBG000BBBNC6,AFL,XNYS,98.2079,0.2122899999999999,150703760.0,48.59,49.47,48.59,49.18,3432935.0,1.0533966,1.0
20100201,BBG000C17X76,BIIB,XNGS,99.5381,0.16284,148750670.0,53.41,53.93,52.98,53.91,2481206.0,1.0,1.0
20100201,GEN_EQ0000000000158587,MHS,XNYS,99.577,0.18108,149844370.0,61.61,62.54,60.95,62.52,3694098.0,2.0,0.5
20100201,BBG000BYWTX7,MRVL,XNGS,83.2458,0.2206199999999999,180215100.0,17.52,18.57,17.52,18.55,16440540.0,1.0,1.0
20100201,BBG000BT9DW0,SO,XNYS,99.9596,0.08376,150299740.0,32.09,32.14,31.75,32.0,3769024.0,1.1209038,1.0
20100201,BBG000BCBCM7,SPLS,XNGS,99.3315,0.15675,152063060.0,23.44,23.625,23.29,23.5,6877019.0,1.0304155,1.0
20100201,GEN_EQ0010059600001000,MEE,XNYS,99.1788,0.32762,154025800.0,39.1,41.68,38.96,41.58,5432931.0,1.018904,1.0
20100201,BBG000F0KF42,STX,XNGS,97.5207,,158141200.0,17.225,17.98,17.06,17.9,18178572.0,1.0440303,1.0
20100201,BBG000Q3JN03,RF,XNYS,99.171,0.3578199999999999,156051470.0,6.41,6.66,6.39,6.64,30530172.0,1.103221,1.0
20100201,BBG000BY33P5,JNPR,XNYS,96.4803,0.28362,161877310.0,24.38,25.115,24.06,25.06,8196804.0,1.0,1.0
20100201,BBG000BHX7N2,EMR,XNYS,99.5831,0.1384599999999999,158666660.0,41.81,42.56,41.79,42.48,4717751.0,1.0665817,1.0
20100201,BBG000BB1TH9,FLR,XNYS,99.3971,0.21128,160009540.0,45.64,46.32,45.2,45.96,1649961.0,2.0396764,0.5
20100201,BBG000BYYLS8,BBT,XNYS,99.1593,0.2135999999999999,162625620.0,28.0,28.32,27.85,28.22,6544771.0,1.1377019,1.0
20100201,BBG000BMW2Z0,KMB,XNYS,99.8182,0.11616,162216540.0,59.93,59.93,59.01,59.51,3269203.0,1.0845805,1.0
20100201,BBG000K14Q84,JOYG,XNGS,99.1443,0.26131,163529060.0,46.43,47.5,46.12,47.05,2846977.0,1.0398546,1.0
20100201,BBG000G0Z878,HIG,XNYS,99.7605,0.33236,165681800.0,24.28,24.49,24.03,24.39,4370242.0,1.0881964,1.0
20100201,BBG000BFRF55,CLF,XNYS,98.816,0.35167,168863520.0,40.86,43.16,40.85,43.07,5403783.0,2.0323007,0.5
20100201,BBG000FP1N32,NTAP,XNGS,98.6662,0.26737,170609920.0,29.1025,30.16,29.1025,30.11,5666221.0,1.0,1.0
20100201,BBG000BBQCY0,AMD,XNYS,83.7395,0.36191,202100940.0,7.61,7.98,7.53,7.98,25432280.0,1.0,1.0
20100201,BBG000BTKGG8,STI,XNYS,99.1789,0.29491,173056350.0,24.46,24.58,23.64,24.5,11477122.0,1.0862343,1.0
20100201,BBG000BSLZY7,SCHW,XNGS,83.5972,0.21698,208767790.0,18.45,18.51,18.31,18.44,8518111.0,1.0255536,1.0
20100201,BBG000D9D830,ACN,XNYS,99.4894,0.1783,176179070.0,41.16,41.6,40.91,41.19,3522212.0,1.035617,1.0
20100201,BBG000C15T95,ESRX,XNGS,99.531,0.19136,176126130.0,83.875,85.56,83.16,85.56,1914480.0,1.0,1.0
20100201,BBG000BV8DN6,TJX,XNYS,99.4225,0.16665,177763410.0,38.11,38.78,38.11,38.5,5024242.0,1.0301173,1.0
20100201,BBG000C8H633,MRO,XNYS,99.7354,0.1469099999999999,177960620.0,30.17,30.66,30.0,30.65,5802520.0,1.0572189,1.0
20100201,BBG000BJL3N0,FITB,XNGS,99.557,0.3873,178597280.0,12.45,12.65,12.34,12.5,19490722.0,1.0539219,1.0
20100201,BBG000HCJMF9,PRU,XNYS,99.8359,0.24089,179369550.0,50.47,51.58,50.33,51.22,2681543.0,1.050409,1.0
20100201,BBG000BFL116,FSLR,XNGS,61.1905,0.4350699999999999,293680450.0,114.89,119.84,114.25,117.49,1796745.0,1.0,1.0
20100201,BBG000BBGGQ1,VLO,XNYS,99.6627,0.24486,180859940.0,18.66,19.19,18.65,19.16,11987218.0,1.0490795,1.0
20100201,BBG000BB5006,ADBE,XNGS,99.5472,0.19442,181751340.0,32.39,32.54,32.06,32.48,8672589.0,1.0,1.0
20100201,BBG000BSJTT0,TCK,XNYS,99.9803,0.35146,180966560.0,32.99,34.61,32.88,34.53,4748773.0,1.0105205,1.0
20100201,BBG000BCWCG1,BBY,XNYS,82.5411,0.18952,220524180.0,36.82,36.93,36.61,36.76,5622490.0,1.0334146,1.0
20100201,BBG000FJLFX8,AET,XNYS,99.829,0.20374,183036780.0,30.09,30.4,29.25,29.77,7121213.0,1.003052,1.0
20100201,BBG000F6H8W8,COST,XNGS,98.9352,0.13348,184837340.0,57.8,57.92,57.36,57.91,4294237.0,1.0244848,1.0
20100201,BBG000BTR593,SWN,XNYS,97.9886,0.2067599999999999,188189090.0,43.62,45.22,43.62,44.81,4476310.0,2.0,0.5
20100201,BBG000CS7CT9,KSS,XNYS,94.2377,0.15761,195684400.0,50.61,50.95,50.19,50.92,2951015.0,1.0,1.0
20100201,BBG000BGJRC8,CSX,XNYS,99.4445,0.16554,186704430.0,43.84,44.16,43.24,43.83,5489884.0,1.0412365,1.0
20100201,BBG000BHLYP4,CME,XNGS,99.5284,0.30463,188470690.0,288.09,292.65,283.53,291.22,744127.0,1.04582,1.0
20100201,BBG000BBD070,HES,XNYS,92.4664,0.20754,204532590.0,58.45,59.89,58.18,59.72,3600949.0,1.011996,1.0
20100201,BBG000CTQBF3,SBUX,XNGS,97.2266,0.21864,195556750.0,21.99,22.27,21.77,22.23,6702265.0,1.0,1.0
20100201,BBG000BLBVN4,PCLN,XNGS,98.7786,0.3538599999999999,193314200.0,196.52,204.529,192.72,204.2,1302172.0,1.0,1.0
20100201,BBG000BFC8J2,CELG,XNGS,99.4971,0.2128199999999999,193144800.0,56.85,57.4,56.42,56.96,2367255.0,1.0,1.0
20100201,BBG000DWYF03,NWSA,XNGS,99.7211,0.1811799999999999,193358560.0,12.69,12.76,12.39,12.53,29080136.0,1.0251427,1.0
20100201,BBG000H556T9,HON,XNYS,99.917,0.15297,193978180.0,38.92,39.42,38.86,39.37,5136444.0,1.0627095,1.0
20100201,BBG000FG3C43,SNDK,XNGS,98.3036,0.4435899999999999,199254350.0,25.44,26.44,25.11,26.26,12716157.0,1.0,1.0
20100201,BBG000C5Z1S3,MU,XNGS,99.0439,0.33071,200863090.0,8.88,9.2,8.84,9.17,19338270.0,1.0,1.0
20100201,BBG000C46HM9,M,XNYS,99.8381,0.24276,199851220.0,15.61,15.92,15.34,15.92,21022552.0,1.0508744,1.0
20100201,BBG000DLVDK3,AEM,XNYS,100.0,0.34015,199621600.0,51.15,53.83,51.15,53.74,2536643.0,1.0064199,1.0
20100201,BBG000BQ8KV2,NUE,XNYS,99.4569,0.19113,202113700.0,41.3,42.17,41.07,41.97,4800803.0,1.0666597,1.0
20100201,BBG000BJX8C8,NOV,XNYS,99.7536,0.2117399999999999,202318160.0,41.39,42.13,41.12,42.09,5823469.0,1.0260102,1.0
20100201,BBG000BH13K9,DD,XNYS,99.7867,0.15487,203357070.0,33.12,33.69,32.92,33.66,7027641.0,1.101848,1.0
20100201,BBG000JWD753,LVS,XNYS,46.9989,0.41842,431943650.0,15.67,17.12,15.67,17.11,36325770.0,1.0,1.0
20100201,BBG000BRD0D8,PNC,XNYS,99.6758,0.28617,204448720.0,55.82,56.22,55.01,55.86,5030384.0,1.0677701,1.0
20100201,BBG000BJ81C1,TRV,XNYS,99.5743,0.14378,208610930.0,50.95,50.95,50.22,50.69,4300283.0,1.055817,1.0
20100201,BBG000J6XT05,EXC,XNYS,99.8957,0.11681,208404240.0,45.84,46.45,45.48,45.86,4292478.0,1.0729257,1.0
20100201,BBG000C1BW00,LMT,XNYS,99.9068,0.1757999999999999,208539220.0,75.34,75.34,74.28,74.89,2758103.0,1.0513835,1.0
20100201,BBG000BJF1Z8,FDX,XNYS,93.3365,0.16847,223259330.0,78.81,80.73,78.76,80.67,3055652.0,1.0134913,1.0
20100201,BBG000NSQ9M0,AUY,XNYS,100.0,0.2871,212275800.0,10.22,10.68,10.19,10.66,12261639.0,1.0153381,1.0
20100201,BBG000F0PF65,TWX,XNYS,99.874,0.2351,213947970.0,27.86,28.1,27.59,28.05,8354057.0,0.3755115,3.000003
20100201,BBG000BFDXW1,BRCM,XNGS,99.7402,0.22785,216056910.0,26.98,27.64,26.79,27.51,8206216.0,1.0,1.0
20100201,BBG000BFQYY3,CL,XNYS,98.1182,0.13599,221188430.0,80.42,80.42,79.02,79.94,3199323.0,1.0544052,1.0
20100201,BBG000BRK7L6,SU,XNYS,100.0,0.23793,218719870.0,32.18,32.81,31.7,32.73,8347451.0,2.0248735,0.5
20100201,BBG000BZ9223,EOG,XNYS,99.4969,0.17779,220602200.0,91.26,95.66,91.25,95.55,2227744.0,1.0146788,1.0
20100201,BBG000BD4VG8,BHI,XNYS,99.6389,0.22274,225412560.0,46.15,47.45,45.84,47.33,5383385.0,1.0291481,1.0
20100201,BBG000BNWG87,MDT,XNYS,99.6668,0.18511,226018940.0,42.98,43.42,42.7,43.15,5434071.0,1.0397656,1.0
20100201,BBG000BH1NH9,DE,XNYS,99.8343,0.22948,227760740.0,50.37,51.86,50.24,51.35,3835639.0,1.0460119,1.0
20100201,BBG000BD8PN9,BK,XNYS,99.4254,0.2218699999999999,228996000.0,29.29,29.87,29.2,29.58,6976362.0,1.0526303,1.0
20100201,BBG000BKFBD7,STT,XNYS,99.5887,0.28449,229164980.0,43.27,44.22,43.09,44.16,4814073.0,1.0183178,1.0
20100201,BBG000BCVJ77,BAX,XNYS,99.7456,0.15924,231496460.0,57.56,57.87,56.98,57.86,3590248.0,1.036375,1.0
20100201,BBG000BNBDC2,LLY,XNYS,99.8362,0.13424,232353470.0,35.36,35.69,34.85,35.0,6762895.0,1.1031708,1.0
20100201,BBG000BBVJZ8,DVN,XNYS,94.0405,0.17158,249599740.0,67.7,69.9,67.57,69.76,3072331.0,1.0182991,1.0
20100201,BBG000BW3299,UNP,XNYS,99.558,0.14947,236461380.0,60.83,62.4,60.81,62.31,4038195.0,2.073977,0.5
20100201,BBG000BWLMJ4,WAG,XNYS,99.5006,0.1620599999999999,237470860.0,36.29,36.41,36.01,36.38,6046247.0,1.0294129,1.0
20100201,BBG000FW00S1,BTU,XNYS,99.6812,0.23223,238208430.0,42.42,44.43,42.02,44.19,6661026.0,1.0127919,1.0
20100201,BBG000BGKTF9,COF,XNYS,98.7398,0.31342,242344210.0,36.85,37.36,36.47,36.78,8416654.0,1.0667307,1.0
20100201,BBG000BBPFB9,AMAT,XNGS,99.4788,0.16279,241501600.0,12.34,12.56,12.23,12.52,20101584.0,1.0357692,1.0
20100201,BBG000DY8ZS4,WFT,XNYS,84.6698,0.25885,286432700.0,15.93,16.438,15.87,16.34,13852675.0,2.0,0.5
20100201,BBG000BBJQV0,NVDA,XNGS,95.125,0.31071,259424000.0,15.45,16.6,15.32,16.57,23553364.0,1.0,1.0
20100201,BBG000L9CV04,UPS,XNYS,99.8995,0.1248799999999999,248038620.0,57.95,58.53,57.45,58.39,6270024.0,1.0662374,1.0
20100201,BBG000C43RR5,EBAY,XNGS,85.9886,0.2374599999999999,294442000.0,22.91,23.38,22.9,23.17,11015681.0,1.0,1.0
20100201,BBG000GFFQN9,YHOO,XNGS,90.6264,0.19357,280744060.0,15.14,15.3,14.87,15.05,29614070.0,1.0,1.0
20100201,BBG000BC40Y8,APC,XNYS,99.6757,0.2086199999999999,256894220.0,64.42,65.37,63.92,65.1,4068146.0,1.0146399,1.0
20100201,BBG000BKFZM4,GLW,XNYS,99.602,0.22289,258318640.0,18.16,18.31,17.97,18.16,16333110.0,1.0265403,1.0
20100201,BBG000BHBK84,DOW,XNYS,99.7225,0.30153,259182660.0,27.52,28.66,27.4,28.63,13662083.0,1.0980023,1.0
20100201,BBG000BP52R2,MMM,XNYS,99.8837,0.13462,259868380.0,80.84,80.89,79.94,80.44,3632103.0,1.063035,1.0
20100201,BBG000BP6LJ8,MO,XNYS,99.7334,0.12994,269108830.0,19.9,19.98,19.78,19.88,10242897.0,3.7111309,1.0
20100201,BBG000BCSST7,BA,XNYS,99.6016,0.18582,270743420.0,60.74,61.86,60.72,61.7,5914734.0,1.0632613,1.0
20100201,BBG000B9ZXB4,ABT,XNYS,93.0284,0.1205499999999999,290719070.0,53.11,53.69,53.08,53.34,8805217.0,1.0683427,1.0
20100201,BBG000BH23R1,DELL,XNGS,86.823,0.29627,317134080.0,12.99,13.29,12.98,13.22,26375866.0,1.0,1.0
20100201,BBG000F1ZSQ2,MA,XNYS,87.3001,0.27337,317942270.0,251.13,256.51,251.09,253.42,932847.0,1.0070554,1.0
20100201,BBG000BCG930,WLP,XNYS,99.6649,0.11853,280864900.0,64.1,64.88,62.6,64.2,3973159.0,1.0,1.0
20100201,BBG000BC2C10,APA,XNYS,99.4044,0.15983,284961860.0,99.47,102.53,99.34,102.4,2496811.0,1.0160209,1.0
20100201,BBG000BW8S60,UTX,XNYS,99.694,0.13365,289883800.0,67.76,67.97,67.2,67.55,4897591.0,1.0502887,1.0
20100201,BBG000D4LWF6,KFT,XNYS,99.8157,,291733020.0,27.83,28.12,27.64,28.06,16329595.0,1.0866468,1.0
20100201,BBG000BNDN65,LOW,XNYS,99.5027,0.15796,293450020.0,21.72,21.99,21.67,21.99,12387968.0,1.0381801,1.0
20100201,BBG000BP8Z50,MOT,XNYS,99.5784,0.32106,293581120.0,6.23,6.35,6.16,6.33,68580360.0,1.0290082,1.0
20100201,BBG000BH4R78,DIS,XNYS,92.7914,0.17903,338328700.0,29.6,29.77,29.3425,29.52,10857998.0,1.0266942,1.0
20100201,BBG000BVV7G1,TXN,XNYS,99.6752,0.1439099999999999,321366080.0,22.56,23.08,22.56,23.05,13124599.0,1.0458064,1.0
20100201,BBG000FFDM15,USB,XNYS,99.8898,0.21036,321679870.0,25.15,25.3593,24.9,25.18,12023377.0,1.0693175,1.0
20100201,BBG000CH5208,UNH,XNYS,99.3902,0.1634199999999999,331894500.0,33.03,33.41,32.22,33.13,13677817.0,1.0023369,1.0
20100201,BBG000BBS2Y0,AMGN,XNGS,99.9021,0.17241,333436800.0,58.52,58.84,58.37,58.72,7078252.0,1.0,1.0
20100201,BBG000BFT2L4,CMCSA,XNGS,99.9106,0.21416,334169200.0,16.08,16.1,15.86,15.94,16278846.0,1.0337471,1.0
20100201,BBG000PSKYX7,V,XNYS,99.8491,0.2442599999999999,336667170.0,82.29,84.75,82.2,83.66,4024231.0,1.0100904,1.0
20100201,BBG000CKGBP2,GILD,XNGS,99.352,0.16246,342258240.0,48.24,48.35,47.62,47.81,9225368.0,1.0,1.0
20100201,BBG000BH5LT6,RIG,XNYS,99.8476,0.1469,345809020.0,85.75,88.07,85.5,87.34,3599510.0,1.0,1.0
20100201,BBG000J2XL74,PM,XNYS,99.7567,0.16526,350687200.0,45.74,46.23,45.63,46.11,7971975.0,1.0858825,1.0
20100201,BBG000BL4504,CHK,XNYS,98.8341,0.2506,358004800.0,25.08,25.91,25.08,25.86,10562960.0,1.0231192,1.0
20100201,BBG000H8TVT2,TGT,XNYS,99.6891,0.13565,366776580.0,51.55,51.61,50.7,51.09,8744885.0,1.0308229,1.0
20100201,BBG000BQQ2S6,OXY,XNYS,98.5732,0.17961,371928420.0,79.09,79.92,78.95,79.83,6079803.0,1.0387654,1.0
20100201,BBG000BHVJJ3,EMC,XNYS,99.4196,0.16704,372283940.0,16.67,17.06,16.6,17.04,28309594.0,1.0,1.0
20100201,BBG000G2R6M0,GG,XNYS,100.0,0.25954,376803940.0,34.35,35.61,34.33,35.54,8033239.0,1.0113314,1.0
20100201,GEN_EQ0010024600001000,BNI,XNYS,99.5706,0.13829,386272400.0,99.81,99.97,99.6399,99.84,8610988.0,1.0380402,1.0
20100201,BBG000BFWKC0,MON,XNYS,99.6115,0.18685,389561800.0,76.39,77.5,76.0,77.31,3372868.0,1.0227026,1.0
20100201,BBG000FL1TC8,DTV,XNGS,99.7867,0.20362,390782340.0,30.37,31.55,30.37,31.44,10730946.0,1.0,1.0
20100201,BBG000BKZB36,HD,XNYS,98.3084,0.1421,398298660.0,28.01,28.45,27.91,28.39,17110172.0,1.0773612,1.0
20100201,BBG000BGRY34,CVS,XNYS,99.5273,0.25235,394155700.0,32.57,32.95,32.43,32.92,7273601.0,1.0199072,1.0
20100201,BBG000DH7JK6,PEP,XNYS,99.8662,0.14099,401737800.0,59.93,60.75,59.52,60.7,7283277.0,1.059472,1.0
20100201,BBG000BWXBC2,WMT,XNYS,55.023,0.15127,731247000.0,53.62,53.78,53.31,53.48,11018018.0,1.0394868,1.0
20100201,BBG000BKTFN2,HAL,XNYS,99.6295,0.17655,411992640.0,29.57,30.7,29.53,30.65,13807690.0,1.028021,1.0
20100201,BBG000BPWXK1,NEM,XNYS,99.8398,0.20956,414361500.0,43.48,45.54,43.4,45.54,11498433.0,1.0184946,1.0
20100201,BBG000BF0K17,CAT,XNYS,99.6446,0.18494,423819460.0,52.82,53.5,52.5,52.94,7138151.0,1.0792106,1.0
20100201,BBG000B9WH86,AA,XNYS,99.6806,0.27074,425016260.0,12.99,13.39,12.91,13.36,40041290.0,1.0599964,1.0
20100201,BBG000BCQZS4,AXP,XNYS,99.637,0.24765,427274700.0,37.84,38.31,37.82,38.21,9355548.0,1.0537715,1.0
20100201,BBG000DQLV23,BMY,XNYS,99.9286,0.14939,450790200.0,24.77,24.77,24.225,24.38,15261006.0,1.1200542,1.0
20100201,BBG000BMX289,KO,XNYS,99.3848,0.14384,460651520.0,54.51,54.56,54.0,54.38,7257125.0,1.0647997,1.0
20100201,BBG000BQLTW7,ORCL,XNGS,76.8797,0.1808,595683300.0,23.36,23.38,22.86,23.22,29549568.0,1.0095085,1.0
20100201,BBG000BQQH30,COP,XNYS,99.8862,0.15905,461920540.0,48.45,49.32,48.26,49.07,11223481.0,1.0700483,1.0
20100201,BBG000BX3TD3,X,XNYS,99.4928,0.30544,466470620.0,45.17,47.37,45.08,47.32,19352268.0,1.0287497,1.0
20100201,GEN_EQ0011904200001000,XTO,XNYS,97.2295,0.1575099999999999,477899620.0,45.53,46.17,45.32,45.98,10750311.0,1.022418,1.0
20100201,BBG000BNSZP1,MCD,XNYS,99.9091,0.11886,465342980.0,62.83,63.97,62.83,63.89,8059762.0,1.0650579,1.0
20100201,BBG000BLZRJ2,MS,XNYS,99.3814,0.26447,470703600.0,26.95,28.0,26.92,27.56,19462780.0,1.0547799,1.0
20100201,BBG000BT41Q8,SLB,XNYS,97.1224,0.14278,507060900.0,64.3,65.2,63.93,64.79,8485536.0,1.0269486,1.0
20100201,BBG000BB07P9,ABX,XNYS,100.0,0.27338,531026600.0,35.19,36.5,35.17,36.5,9239415.0,1.0223601,1.0
20100201,BBG000HS77T5,VZ,XNYS,99.9811,0.1238099999999999,538081660.0,29.82,29.85,29.35,29.61,17010988.0,1.1372893,1.0
20100201,BBG000BPD168,MRK,XNYS,99.9741,0.19434,580593150.0,38.56,38.63,38.07,38.3,9181616.0,1.1015155,1.0
20100201,BBG000CGC1X8,QCOM,XNGS,98.4222,0.21135,662402100.0,39.25,39.97,38.68,39.77,54652196.0,1.0307202,1.0
20100201,BBG000BR2TH3,PG,XNYS,99.8808,0.1030099999999999,686484200.0,61.85,62.24,61.51,61.99,12886394.0,1.0636009,1.0
20100201,BBG000KHWT55,HPQ,XNYS,95.7886,0.18452,719302340.0,47.37,47.9,47.2,47.83,15704415.0,1.0159571,1.0
20100201,BBG000K4ND22,CVX,XNYS,99.9542,0.14085,694343400.0,72.7,73.74,72.14,73.58,11827812.0,1.0698493,1.0
20100201,BBG000BMHYD1,JNJ,XNYS,99.9389,0.1184599999999999,697592960.0,63.26,63.26,62.77,63.09,10121782.0,1.0633286,1.0
20100201,BBG000BSJK37,T,XNYS,99.9428,0.14079,699691600.0,25.67,25.71,25.28,25.38,36692040.0,1.1333848,1.0
20100201,BBG000BLNNH6,IBM,XNYS,99.9158,0.13968,786230660.0,123.23,124.95,122.78,124.67,7241154.0,1.0378217,1.0
20100201,BBG000BQPC32,F,XNYS,99.7044,0.28985,790946500.0,11.14,11.18,10.93,11.12,82611280.0,1.0,1.0
20100201,BBG000BTZQC4,POT,XNYS,100.0,0.28184,796508540.0,100.8,103.66,99.71,103.43,6565669.0,1.0088071,1.0
20100201,BBG000BR2B91,PFE,XNYS,99.9308,0.16589,818816600.0,18.79,18.99,18.7,18.79,39362670.0,1.122775,1.0
20100201,BBG000BVPV84,AMZN,XNGS,77.4557,0.33253,1170809600.0,123.18,124.86,113.82,118.87,37667816.0,1.0,1.0
20100201,BBG000CR90K4,RIMM,XNGS,100.0,0.2942099999999999,922880800.0,63.9,64.34,63.16,64.06,9460046.0,1.0,1.0
20100201,BBG000C3J3C9,CSCO,XNGS,99.8675,0.1501799999999999,929921000.0,22.65,22.94,22.38,22.73,54227136.0,1.0,1.0
20100201,BBG000BJDB15,FCX,XNYS,98.9723,0.20913,1030018800.0,68.13,71.64,68.05,71.59,24366172.0,1.0279142,1.0
20100201,BBG000C0G1D1,INTC,XNGS,96.5712,0.1357,1069250700.0,19.47,19.75,19.44,19.61,50151830.0,1.0622909,1.0
20100201,BBG000BK6MB5,GE,XNYS,99.3057,0.14885,1097951900.0,16.2,16.34,16.1,16.25,56765210.0,1.1074289,1.0
20100201,BBG000BWQFY7,WFC,XNYS,99.8176,0.20389,1116275200.0,28.6,29.09,28.51,28.93,45090476.0,1.0672847,1.0
20100201,BBG000BHSKN9,GOOG,XNGS,99.3288,0.15118,1266672800.0,534.602,535.81,530.3,533.02,2244268.0,1.0,1.0
20100201,BBG000BPH459,MSFT,XNGS,87.4555,0.25166,1539783600.0,28.39,28.48,27.92,28.41,85751220.0,1.0423378,1.0
20100201,BBG000C6CFJ5,GS,XNYS,94.1597,0.18715,1488576000.0,149.82,155.25,149.21,153.13,12929481.0,1.021126,1.0
20100201,BBG000DMBXR2,JPM,XNYS,99.3731,0.19722,1571741300.0,39.1,39.93,38.95,39.63,37362630.0,1.0457371,1.0
20100201,BBG000GZQ728,XOM,XNYS,99.8192,0.13183,1608951900.0,65.77,66.41,65.35,66.18,37657500.0,1.0433767,1.0
20100201,BBG000BCTLF6,BAC,XNYS,99.5329,0.2351099999999999,2850318800.0,15.26,15.44,15.13,15.42,159028820.0,1.0867894,1.0
20100201,BBG000B9XRY4,AAPL,XNGS,99.2655,0.1872899999999999,3499068200.0,192.37,196.0,191.3,194.73,26691872.0,1.0,1.0
